{
  "todos": [
    {
      "id": "d1e5",
      "name": "Watch",
      "description": "Titan"
    },
    {
      "name": "Word",
      "description": "hgfxd122",
      "id": "5145"
    },
    {
      "id": "f421",
      "name": "Mobile",
      "description": "Android"
    },
    {
      "id": "8a08",
      "name": "jkh",
      "description": "jhjhj"
    },
    {
      "id": "ef85",
      "name": "TV",
      "description": "Sony"
    },
    {
      "id": "a75e",
      "name": "Hello",
      "description": "World"
    }
  ]
}